DROP TABLE admin;

CREATE TABLE `admin` (
  `id_admin` char(16) NOT NULL,
  `username` varchar(50) NOT NULL,
  `password` varchar(50) NOT NULL,
  `email` varchar(40) NOT NULL,
  `id_level` char(16) NOT NULL,
  PRIMARY KEY (`id_admin`)
) ENGINE=InnoDB DEFAULT CHARSET=latin1;

INSERT INTO admin VALUES("1","admin","15jfkhk4","indahf945@gmail.com","1");
INSERT INTO admin VALUES("2","pengguna","pengguna","","2");
INSERT INTO admin VALUES("3","bank","bank","","3");



DROP TABLE level;

CREATE TABLE `level` (
  `id_level` int(11) NOT NULL AUTO_INCREMENT,
  `nama_level` varchar(50) NOT NULL,
  PRIMARY KEY (`id_level`)
) ENGINE=InnoDB AUTO_INCREMENT=4 DEFAULT CHARSET=latin1;

INSERT INTO level VALUES("1","admin");
INSERT INTO level VALUES("2","pengguna");
INSERT INTO level VALUES("3","bank");



DROP TABLE pelanggan;

CREATE TABLE `pelanggan` (
  `id_pelanggan` varchar(12) NOT NULL,
  `username` varchar(15) NOT NULL,
  `password` varchar(40) NOT NULL,
  `nomor_kwh` varchar(20) NOT NULL,
  `nama_pelanggan` varchar(30) NOT NULL,
  `alamat` text NOT NULL,
  `id_tarif` int(11) NOT NULL,
  PRIMARY KEY (`id_pelanggan`)
) ENGINE=InnoDB DEFAULT CHARSET=latin1;

INSERT INTO pelanggan VALUES("1","indah","f3385c508ce54d577fd205a1b2ecdfb7","7221","indah fitria","sindang barang jero","1");
INSERT INTO pelanggan VALUES("2","hani","d09c83439b6aaf9739eef4ee029078c8","82778","nurhanipah","ciomas","2");
INSERT INTO pelanggan VALUES("20190312003","umi","e84f942d7f93ddc14d24b930d87e3da7","827","umii","sbj","2");
INSERT INTO pelanggan VALUES("20190318001","ridwan","d584c96e6c1ba3ca448426f66e552e8e","18297","m ridwan","dramaga","3");
INSERT INTO pelanggan VALUES("20190320004","teteh","1a81104c04e29ff4a8d76f798cdd2ea2","827286","santi","sbj","2");
INSERT INTO pelanggan VALUES("20190328002","aulia","614913bc360cdfd1c56758cb87eb9e8f","672638253172","cut aulia","sindang barang","3");
INSERT INTO pelanggan VALUES("3","putri","4093fed663717c843bea100d17fb67c8","82178","putri","ciomas","3");



DROP TABLE pembayaran;

CREATE TABLE `pembayaran` (
  `id_pembayaran` varchar(12) NOT NULL,
  `id_tagihan` varchar(12) NOT NULL,
  `id_pelanggan` varchar(12) NOT NULL,
  `tanggal_pembayaran` datetime NOT NULL,
  `bulan_bayar` varchar(2) NOT NULL,
  `jumlah_bayar` int(11) NOT NULL,
  `biaya_admin` int(20) NOT NULL,
  `total_bayar` int(20) NOT NULL,
  `id_admin` char(16) NOT NULL,
  PRIMARY KEY (`id_pembayaran`)
) ENGINE=InnoDB DEFAULT CHARSET=latin1;

INSERT INTO pembayaran VALUES("20190328001","20190328001","1","2019-03-28 19:16:03","3","1500000","2500","1502500","indah");



DROP TABLE penggunaan;

CREATE TABLE `penggunaan` (
  `id_penggunaan` varchar(12) NOT NULL,
  `id_pelanggan` varchar(12) NOT NULL,
  `bulan` int(2) NOT NULL,
  `tahun` year(4) NOT NULL,
  `meter_awal` varchar(50) NOT NULL,
  `meter_akhir` varchar(50) NOT NULL,
  PRIMARY KEY (`id_penggunaan`)
) ENGINE=InnoDB DEFAULT CHARSET=latin1;

INSERT INTO penggunaan VALUES("20190328001","1","3","2019","0","100");



DROP TABLE tagihan;

CREATE TABLE `tagihan` (
  `id_tagihan` varchar(12) NOT NULL,
  `id_penggunaan` varchar(12) NOT NULL,
  `id_pelanggan` varchar(12) NOT NULL,
  `bulan` int(2) NOT NULL,
  `tahun` year(4) NOT NULL,
  `jumlah_meter` varchar(20) NOT NULL,
  `status` varchar(15) NOT NULL,
  PRIMARY KEY (`id_tagihan`)
) ENGINE=InnoDB DEFAULT CHARSET=latin1;

INSERT INTO tagihan VALUES("20190328001","20190328001","1","3","2019","100","Lunas");



DROP TABLE tarif;

CREATE TABLE `tarif` (
  `id_tarif` int(2) NOT NULL AUTO_INCREMENT,
  `daya` varchar(5) NOT NULL,
  `tarifperkwh` int(6) NOT NULL,
  PRIMARY KEY (`id_tarif`)
) ENGINE=InnoDB AUTO_INCREMENT=4 DEFAULT CHARSET=latin1;

INSERT INTO tarif VALUES("1","51","15000");
INSERT INTO tarif VALUES("2","450","1350");
INSERT INTO tarif VALUES("3","1300","2000");



